{
"Name": "Skyblock Classic Edition - Dimensions Version",

"Edition": "JAVA EDITION",

"Release Versions": "5.2.0 - Dimensions [Custom World Update]",

"Release Building": "JE-Dimensions-1.20.5/1.20.6-Skyblock_Classic_Edition:RELEASE-CANDIDATE-2",

"Data_pack": "TRUE",

"Resource_pack": "TRUE",

"Custom Structures World Update": "3.0.0",

"Protocol Version": "1.20.5_PVN_0h",

"Protocol Identifier Data": "1.20.5_PID_0",

"Protocol Structures Number": "1.20.5_PSN_0",

"Github_Tag": "1.20.5_JE-8a",

"Github":"https://github.com/Loweredgames/Skyblock-Classic-Edition",

"Website":"https://minecraft-map-building-versions.blogspot.com/"
}