{
"Name": "Skyblock Classic Edition Portable Version",

"Edition": "JAVA EDITION",

"Release Versions": "5.3.1 LTS - Portable Version - [Custom World Update]",

"Release Building": "JE-1.20.6-5.3.X-Skyblock_Classic_Edition:5.3.1_LTS_portable",

"Data_pack": "TRUE",

"Resource_pack": "TRUE",

"Custom Structures World": "3.1.0",

"Protocol Version": "1.20.6_PVN_0",

"Protocol Identifier Data": "1.20.6_PID_0",

"Sub Protocol Identifier Data": "1.20.6_SUBPID_0_1",

"Github_Tag": "1.20.6_JE-5a",

"Github":"https://github.com/Loweredgames/Skyblock-Classic-Edition",

"Website":"https://minecraft-map-building-versions.blogspot.com/"
}