{"stats":{"minecraft:custom":{"minecraft:interact_with_crafting_table":8,"minecraft:open_barrel":18,"minecraft:bell_ring":4,"minecraft:leave_game":212,"minecraft:time_since_death":1876097,"minecraft:sprint_one_cm":669404,"minecraft:drop":160,"minecraft:talked_to_villager":54,"minecraft:play_time":1877744,"minecraft:deaths":2,"minecraft:jump":3052,"minecraft:interact_with_brewingstand":8,"minecraft:walk_on_water_one_cm":294632,"minecraft:interact_with_furnace":2,"minecraft:open_enderchest":24,"minecraft:damage_dealt":19965,"minecraft:crouch_one_cm":109432,"minecraft:interact_with_smoker":1,"minecraft:inspect_dispenser":8,"minecraft:mob_kills":111,"minecraft:interact_with_anvil":16,"minecraft:interact_with_campfire":4,"minecraft:climb_one_cm":2473,"minecraft:walk_one_cm":919935,"minecraft:sneak_time":76041,"minecraft:walk_under_water_one_cm":385393,"minecraft:interact_with_lectern":23,"minecraft:interact_with_blast_furnace":3,"minecraft:total_world_time":2446960,"minecraft:pot_flower":1,"minecraft:time_since_rest":1876097,"minecraft:trigger_trapped_chest":14,"minecraft:swim_one_cm":3604,"minecraft:fly_one_cm":28982094,"minecraft:open_chest":283},"minecraft:dropped":{"minecraft:iron_sword":1,"minecraft:oak_pressure_plate":1,"minecraft:crossbow":2,"minecraft:cod":1,"minecraft:music_disc_13":1,"minecraft:emerald":8,"minecraft:dark_oak_log":6,"minecraft:snowball":12,"minecraft:sand":17,"minecraft:fishing_rod":1,"minecraft:gold_ingot":6,"minecraft:bone":18,"minecraft:gravel":1,"minecraft:goat_horn":2,"minecraft:cobbled_deepslate":1,"minecraft:netherite_sword":1,"minecraft:wheat":17,"minecraft:rotten_flesh":31,"minecraft:enchanted_golden_apple":1,"minecraft:sea_lantern":1,"minecraft:gunpowder":8,"minecraft:chest":2,"minecraft:glass":4,"minecraft:iron_ingot":2,"minecraft:wheat_seeds":1,"minecraft:golden_helmet":1,"minecraft:tnt":3,"minecraft:lead":1,"minecraft:apple":5,"minecraft:red_stained_glass":1,"minecraft:golden_apple":1,"minecraft:stick":2,"minecraft:lava_bucket":1,"minecraft:diamond_horse_armor":1,"minecraft:mossy_cobblestone_slab":1,"minecraft:cooked_salmon":1,"minecraft:fire_charge":1,"minecraft:white_banner":1,"minecraft:heart_of_the_sea":1,"minecraft:music_disc_wait":1,"minecraft:paper":15,"minecraft:string":1,"minecraft:tripwire_hook":1,"minecraft:music_disc_cat":1,"minecraft:snow_block":3,"minecraft:furnace":1,"minecraft:bowl":1,"minecraft:experience_bottle":8,"minecraft:name_tag":1,"minecraft:oak_sign":5,"minecraft:flint_and_steel":1,"minecraft:filled_map":4,"minecraft:hay_block":7,"minecraft:stone":1,"minecraft:mud_bricks":1,"minecraft:oak_button":6},"minecraft:killed":{"minecraft:witch":2,"minecraft:cod":1,"minecraft:bee":2,"minecraft:silverfish":4,"minecraft:camel":6,"minecraft:tropical_fish":4,"minecraft:cat":2,"minecraft:salmon":3,"minecraft:creeper":13,"minecraft:pillager":13,"minecraft:drowned":2,"minecraft:snow_golem":1,"minecraft:husk":54,"minecraft:bat":1,"minecraft:frog":2,"minecraft:villager":1},"minecraft:used":{"minecraft:peony":1,"minecraft:moss_block":1,"minecraft:orange_dye":1,"minecraft:nether_brick_fence":1,"minecraft:writable_book":9,"minecraft:red_sand":37,"minecraft:melon":3,"minecraft:poppy":2,"minecraft:armadillo_scute":13,"minecraft:polished_blackstone":4,"minecraft:bamboo_sign":32,"minecraft:suspicious_sand":19,"minecraft:bone_block":11,"minecraft:oak_sign":113,"minecraft:decorated_pot":11,"minecraft:chest":35,"minecraft:white_terracotta":50,"minecraft:stone":870,"minecraft:zombie_spawn_egg":1,"minecraft:shelter_pottery_sherd":3,"minecraft:iron_nugget":7,"minecraft:bubble_coral":14,"minecraft:smooth_sandstone_stairs":12,"minecraft:tube_coral":14,"minecraft:cocoa_beans":4,"minecraft:cracked_deepslate_tiles":4,"minecraft:acacia_sapling":1,"minecraft:clay_ball":26,"minecraft:obsidian":32,"minecraft:jungle_sapling":4,"minecraft:glass":290,"minecraft:lava_bucket":32,"minecraft:coal_ore":9,"minecraft:villager_spawn_egg":6,"minecraft:grass_block":249,"minecraft:blue_orchid":1,"minecraft:birch_sapling":2,"minecraft:mossy_cobblestone_slab":23,"minecraft:dark_oak_button":2,"minecraft:stone_bricks":4,"minecraft:bedrock":13,"minecraft:reinforced_deepslate":18,"minecraft:magma_block":4,"minecraft:brown_carpet":1,"minecraft:snow":196,"minecraft:horn_coral":16,"minecraft:hay_block":3,"minecraft:written_book":24,"minecraft:sweet_berries":7,"minecraft:furnace":1,"minecraft:gold_block":2,"minecraft:brick":1,"minecraft:fire_coral_fan":10,"minecraft:seagrass":2,"minecraft:brown_concrete_powder":4,"minecraft:large_fern":5,"minecraft:quartz":13,"minecraft:dark_oak_sapling":7,"minecraft:short_grass":22,"minecraft:mossy_stone_bricks":7,"minecraft:tube_coral_fan":9,"minecraft:witch_spawn_egg":1,"minecraft:red_stained_glass":3708,"minecraft:oak_planks":115,"minecraft:cactus":11,"minecraft:sandstone":566,"minecraft:black_glazed_terracotta":3,"minecraft:redstone_block":3,"minecraft:sugar_cane":2,"minecraft:white_wool":59,"minecraft:brain_coral":12,"minecraft:blue_dye":1,"minecraft:sand":897,"minecraft:yellow_terracotta":113,"minecraft:loom":2,"minecraft:black_concrete_powder":12,"minecraft:end_stone":1,"minecraft:black_concrete":4,"minecraft:chiseled_sandstone":26,"minecraft:dark_oak_log":26,"minecraft:string":3,"minecraft:stone_button":2,"minecraft:lectern":1,"minecraft:white_glazed_terracotta":3,"minecraft:red_terracotta":104,"minecraft:polished_granite":12,"minecraft:oak_pressure_plate":2,"minecraft:gravel":96,"minecraft:lilac":2,"minecraft:diamond_sword":106,"minecraft:suspicious_gravel":16,"minecraft:stripped_oak_wood":1,"minecraft:dark_oak_fence":39,"minecraft:bubble_coral_block":34,"minecraft:ice":2,"minecraft:smooth_stone_slab":2,"minecraft:tropical_fish_bucket":4,"minecraft:coarse_dirt":26,"minecraft:bone_meal":90,"minecraft:cobweb":19,"minecraft:oak_fence":48,"minecraft:oak_trapdoor":1,"minecraft:netherite_sword":6,"minecraft:jungle_leaves":91,"minecraft:rose_bush":5,"minecraft:orange_concrete":44,"minecraft:flint_and_steel":17,"minecraft:dead_bush":16,"minecraft:brain_coral_fan":7,"minecraft:cracked_deepslate_bricks":1,"minecraft:carved_pumpkin":2,"minecraft:red_concrete":17,"minecraft:stone_shovel":1,"minecraft:redstone":4,"minecraft:spruce_planks":3,"minecraft:tinted_glass":1,"minecraft:ender_chest":2,"minecraft:sculk":1,"minecraft:sandstone_wall":80,"minecraft:structure_block":931,"minecraft:netherrack":16,"minecraft:green_glazed_terracotta":4,"minecraft:bee_spawn_egg":4,"minecraft:torch":52,"minecraft:dirt":556,"minecraft:anvil":4,"minecraft:wheat":1,"minecraft:cobblestone_wall":32,"minecraft:bee_nest":4,"minecraft:jungle_trapdoor":1,"minecraft:salmon_bucket":3,"minecraft:fern":13,"minecraft:dark_oak_planks":29,"minecraft:yellow_stained_glass":1,"minecraft:smooth_sandstone":39,"minecraft:spawner":2,"minecraft:mud_bricks":2,"minecraft:bamboo":2,"minecraft:light_gray_wool":6,"minecraft:podzol":13,"minecraft:drowned_spawn_egg":1,"minecraft:trapped_chest":1,"minecraft:horn_coral_block":25,"minecraft:cobbled_deepslate":14,"minecraft:powder_snow_bucket":3,"minecraft:orange_stained_glass_pane":16,"minecraft:orange_terracotta":156,"minecraft:horn_coral_fan":20,"minecraft:brain_coral_block":19,"minecraft:water_bucket":616,"minecraft:iron_ore":1,"minecraft:cobblestone_stairs":56,"minecraft:jigsaw":9,"minecraft:light_blue_glazed_terracotta":2,"minecraft:tube_coral_block":8,"minecraft:sandstone_stairs":21,"minecraft:pink_glazed_terracotta":2,"minecraft:snow_block":1,"minecraft:polished_andesite":18,"minecraft:bubble_coral_fan":18,"minecraft:purple_glazed_terracotta":3,"minecraft:cherry_planks":1,"minecraft:cut_sandstone":213,"minecraft:red_glazed_terracotta":10,"minecraft:glow_ink_sac":11,"minecraft:cobblestone_slab":153,"minecraft:deepslate_bricks":1,"minecraft:mossy_cobblestone":14,"minecraft:terracotta":138,"minecraft:vine":225,"minecraft:tnt":5,"minecraft:crafting_table":5,"minecraft:red_bed":1,"minecraft:campfire":2,"minecraft:fire_coral":14,"minecraft:painting":2,"minecraft:dark_oak_door":2,"minecraft:book":1,"minecraft:bat_spawn_egg":1,"minecraft:ender_eye":1,"minecraft:yellow_dye":1,"minecraft:flower_pot":1,"minecraft:command_block":152,"minecraft:oak_button":73,"minecraft:map":2,"minecraft:spruce_trapdoor":4,"minecraft:spruce_sapling":1,"minecraft:chiseled_stone_bricks":2,"minecraft:enchanted_book":1,"minecraft:fire_coral_block":11,"minecraft:cod_spawn_egg":1,"minecraft:cobblestone":469,"minecraft:red_concrete_powder":52,"minecraft:sandstone_slab":4,"minecraft:glass_pane":1,"minecraft:repeating_command_block":7,"minecraft:end_portal_frame":9,"minecraft:sea_pickle":2,"minecraft:brush":52,"minecraft:kelp":28,"minecraft:dandelion":2,"minecraft:gray_wool":2},"minecraft:picked_up":{"minecraft:shulker_shell":2,"minecraft:wheat":49,"minecraft:enchanted_book":4,"minecraft:music_disc_cat":1,"minecraft:string":6,"minecraft:cooked_salmon":2,"minecraft:explorer_pottery_sherd":1,"minecraft:experience_bottle":15,"minecraft:oak_sign":5,"minecraft:gold_nugget":27,"minecraft:eye_armor_trim_smithing_template":3,"minecraft:enchanted_golden_apple":1,"minecraft:furnace":1,"minecraft:golden_helmet":2,"minecraft:stick":8,"minecraft:sheaf_pottery_sherd":1,"minecraft:snow_block":4,"minecraft:goat_horn":3,"minecraft:rotten_flesh":87,"minecraft:blue_dye":1,"minecraft:music_disc_wait":1,"minecraft:snowball":42,"minecraft:cod":1,"minecraft:leather_chestplate":1,"minecraft:dune_armor_trim_smithing_template":1,"minecraft:potato":3,"minecraft:danger_pottery_sherd":1,"minecraft:map":6,"minecraft:name_tag":1,"minecraft:bone":99,"minecraft:glass":1,"minecraft:wheat_seeds":1,"minecraft:raw_gold":5,"minecraft:bamboo":12,"minecraft:music_disc_13":1,"minecraft:sand":34,"minecraft:dark_oak_log":17,"minecraft:trapped_chest":1,"minecraft:diamond":7,"minecraft:angler_pottery_sherd":1,"minecraft:miner_pottery_sherd":2,"minecraft:crossbow":3,"minecraft:golden_apple":1,"minecraft:golden_horse_armor":1,"minecraft:emerald":15,"minecraft:plenty_pottery_sherd":1,"minecraft:chorus_fruit":8,"minecraft:fishing_rod":3,"minecraft:shelter_pottery_sherd":4,"minecraft:bee_nest":1,"minecraft:clay_ball":26,"minecraft:mourner_pottery_sherd":1,"minecraft:diamond_horse_armor":2,"minecraft:acacia_button":1,"minecraft:brick":1,"minecraft:elytra":1,"minecraft:netherite_sword":1,"minecraft:spire_armor_trim_smithing_template":1,"minecraft:poppy":1,"minecraft:chest":8,"minecraft:orange_dye":1,"minecraft:stone":1,"minecraft:bowl":1,"minecraft:fire_charge":1,"minecraft:skull_pottery_sherd":1,"minecraft:carrot":4,"minecraft:friend_pottery_sherd":1,"minecraft:redstone":1,"minecraft:iron_horse_armor":2,"minecraft:howl_pottery_sherd":1,"minecraft:tnt":6,"minecraft:arrow":2,"minecraft:cooked_cod":3,"minecraft:hay_block":7,"minecraft:pink_tulip":1,"minecraft:saddle":1,"minecraft:gold_ingot":38,"minecraft:heartbreak_pottery_sherd":1,"minecraft:burn_pottery_sherd":1,"minecraft:tripwire_hook":1,"minecraft:filled_map":2,"minecraft:gunpowder":11,"minecraft:heart_pottery_sherd":1,"minecraft:paper":36,"minecraft:white_banner":1,"minecraft:apple":5,"minecraft:wild_armor_trim_smithing_template":11,"minecraft:heart_of_the_sea":1,"minecraft:iron_ingot":12,"minecraft:blade_pottery_sherd":1,"minecraft:arms_up_pottery_sherd":1,"minecraft:iron_sword":1,"minecraft:book":1,"minecraft:quartz":26,"minecraft:gravel":2,"minecraft:lava_bucket":1,"minecraft:prize_pottery_sherd":2,"minecraft:sea_lantern":1,"minecraft:archer_pottery_sherd":1,"minecraft:brewer_pottery_sherd":1,"minecraft:snort_pottery_sherd":1,"minecraft:oak_button":8,"minecraft:coal":30}},"DataVersion":3955}