{"stats":{"minecraft:dropped":{"minecraft:furnace":1,"minecraft:wheat_seeds":1,"minecraft:oak_pressure_plate":1,"minecraft:netherite_sword":1,"minecraft:lead":1,"minecraft:oak_sign":4,"minecraft:filled_map":4,"minecraft:lava_bucket":1,"minecraft:stone":1,"minecraft:mud_bricks":1,"minecraft:oak_button":5},"minecraft:picked_up":{"minecraft:bee_nest":1,"minecraft:wheat":1,"minecraft:clay_ball":26,"minecraft:filled_map":2,"minecraft:brick":1,"minecraft:string":1,"minecraft:oak_sign":4,"minecraft:wheat_seeds":1,"minecraft:netherite_sword":1,"minecraft:poppy":1,"minecraft:furnace":1,"minecraft:orange_dye":1,"minecraft:stone":1,"minecraft:lava_bucket":1,"minecraft:sand":1,"minecraft:blue_dye":1,"minecraft:pink_tulip":1,"minecraft:oak_button":5},"minecraft:killed":{"minecraft:cat":1,"minecraft:husk":29,"minecraft:witch":1,"minecraft:bat":1,"minecraft:bee":2,"minecraft:drowned":2,"minecraft:camel":3,"minecraft:villager":1},"minecraft:used":{"minecraft:orange_dye":1,"minecraft:oak_trapdoor":1,"minecraft:moss_block":1,"minecraft:nether_brick_fence":1,"minecraft:netherite_sword":6,"minecraft:jigsaw":1,"minecraft:dead_bush":1,"minecraft:pink_glazed_terracotta":2,"minecraft:orange_concrete":44,"minecraft:red_stained_glass":1770,"minecraft:polished_andesite":9,"minecraft:bamboo_sign":27,"minecraft:oak_sign":49,"minecraft:decorated_pot":2,"minecraft:purple_glazed_terracotta":3,"minecraft:black_glazed_terracotta":3,"minecraft:ender_chest":2,"minecraft:cherry_planks":1,"minecraft:stone":111,"minecraft:redstone_block":1,"minecraft:glow_ink_sac":7,"minecraft:red_glazed_terracotta":7,"minecraft:iron_nugget":7,"minecraft:structure_block":414,"minecraft:netherrack":1,"minecraft:white_wool":6,"minecraft:green_glazed_terracotta":4,"minecraft:bee_spawn_egg":2,"minecraft:dirt":9,"minecraft:blue_dye":1,"minecraft:sand":33,"minecraft:anvil":3,"minecraft:wheat":1,"minecraft:loom":2,"minecraft:crafting_table":1,"minecraft:red_bed":1,"minecraft:bee_nest":3,"minecraft:end_stone":1,"minecraft:clay_ball":26,"minecraft:dark_oak_door":2,"minecraft:obsidian":12,"minecraft:bat_spawn_egg":1,"minecraft:glass":66,"minecraft:yellow_dye":1,"minecraft:ender_eye":1,"minecraft:lava_bucket":27,"minecraft:villager_spawn_egg":6,"minecraft:command_block":55,"minecraft:string":1,"minecraft:oak_button":37,"minecraft:white_glazed_terracotta":2,"minecraft:spruce_trapdoor":4,"minecraft:oak_pressure_plate":1,"minecraft:mud_bricks":2,"minecraft:gravel":51,"minecraft:stone_bricks":3,"minecraft:bedrock":2,"minecraft:light_gray_wool":2,"minecraft:diamond_sword":37,"minecraft:snow":137,"minecraft:cobblestone":2,"minecraft:brown_carpet":1,"minecraft:written_book":1,"minecraft:red_concrete_powder":52,"minecraft:furnace":1,"minecraft:stripped_oak_wood":1,"minecraft:ice":2,"minecraft:brick":1,"minecraft:smooth_stone_slab":1,"minecraft:coarse_dirt":1,"minecraft:gray_wool":1,"minecraft:powder_snow_bucket":2,"minecraft:brown_concrete_powder":4,"minecraft:cobweb":10},"minecraft:custom":{"minecraft:interact_with_furnace":2,"minecraft:mob_kills":40,"minecraft:interact_with_anvil":6,"minecraft:interact_with_crafting_table":4,"minecraft:open_barrel":7,"minecraft:bell_ring":4,"minecraft:leave_game":68,"minecraft:time_since_death":431503,"minecraft:climb_one_cm":177,"minecraft:time_since_rest":431503,"minecraft:open_enderchest":22,"minecraft:sprint_one_cm":152590,"minecraft:walk_one_cm":216250,"minecraft:drop":21,"minecraft:damage_dealt":7124,"minecraft:swim_one_cm":290,"minecraft:talked_to_villager":49,"minecraft:fly_one_cm":7951160,"minecraft:open_chest":40,"minecraft:crouch_one_cm":28742,"minecraft:play_time":433150,"minecraft:deaths":2,"minecraft:sneak_time":22932,"minecraft:walk_under_water_one_cm":31347,"minecraft:jump":676,"minecraft:interact_with_brewingstand":1,"minecraft:walk_on_water_one_cm":21449,"minecraft:total_world_time":489376}},"DataVersion":3806}