{
"Name": "Skyblock Classic Edition",

"Edition": "JAVA EDITION",

"Release Versions": "5.1.0 LTS [Maintenance Update - LTS]",

"Release Building": "JE-1.20.2-Skyblock_Classic_Edition:5.1.0_LTS",

"Data_pack": "TRUE",

"Resource_pack": "TRUE",

"Custom Structures World Update": "2.0.1-1.20.2-LTS",

"Protocol Version": "1.20.2_PVN_1",

"Protocol Identifier Data": "PID_1_old",

"Protocol Structures Number": "PSN_0",

"Github_Tag": "1.20.2_JE-6a",

"Github":"https://github.com/Loweredgames/Skyblock-Classic-Edition",

"Website":"https://minecraft-map-building-versions.blogspot.com/"
}