{
"Name": "Skyblock Classic Edition - Dimensions Version",

"Edition": "JAVA EDITION",

"Release Versions": "5.3.0 - Dimensions [Custom World Update]",

"Release Building": "JE-Dimensions-1.20.6-Skyblock_Classic_Edition:BUILDING:12.09.2024a_LTS",

"Data_pack": "TRUE",

"Resource_pack": "TRUE",

"Custom Structures World Update": "3.0.0",

"Protocol Version": "1.20.6_PVN_0a",

"Protocol Identifier Data": "1.20.5_PID_0",

"Github_Tag": "1.20.6_JE-0a",

"Github":"https://github.com/Loweredgames/Skyblock-Classic-Edition",

"Website":"https://minecraft-map-building-versions.blogspot.com/"
}