{
"Name": "Skyblock Classic Edition - Dimensions Version",

"Edition": "JAVA EDITION",

"Release Versions": "5.3.0 - Dimensions [Custom World Update]",

"Release Building": "JE-Dimensions-1.20.6-5.3.0-Skyblock_Classic_Edition:RELEASE-CANDIDATE-2_LTS",

"Data_pack": "TRUE",

"Resource_pack": "TRUE",

"Custom Structures World": "3.1.0",

"Protocol Version": "1.20.6_PVN_0d",

"Protocol Identifier Data": "1.20.5_PID_0",

"Sub Protocol Identifier Data": "1.20.5_SUBPID_0_1,da aggiungere subpid...",

"Github_Tag": "1.20.6_JE-4a",

"Github":"https://github.com/Loweredgames/Skyblock-Classic-Edition",

"Website":"https://minecraft-map-building-versions.blogspot.com/"
}