{"stats":{"minecraft:used":{"minecraft:structure_block":114,"minecraft:glass":42,"minecraft:oak_fence":27,"minecraft:potion":1,"minecraft:anvil":1,"minecraft:diamond_sword":1,"minecraft:snow":57,"minecraft:cobblestone_stairs":6,"minecraft:stripped_oak_wood":16,"minecraft:barrier":15,"minecraft:oak_planks":1,"minecraft:stone":8,"minecraft:smooth_stone":5},"minecraft:killed":{"minecraft:wandering_trader":1},"minecraft:custom":{"minecraft:time_since_rest":57944,"minecraft:open_chest":1,"minecraft:crouch_one_cm":7095,"minecraft:sprint_one_cm":25749,"minecraft:play_time":57944,"minecraft:walk_one_cm":30914,"minecraft:sneak_time":4572,"minecraft:interact_with_anvil":1,"minecraft:mob_kills":1,"minecraft:drop":6,"minecraft:jump":113,"minecraft:damage_dealt":210,"minecraft:leave_game":9,"minecraft:walk_on_water_one_cm":1195,"minecraft:time_since_death":57944,"minecraft:total_world_time":60365,"minecraft:talked_to_villager":18,"minecraft:fly_one_cm":1281674},"minecraft:dropped":{"minecraft:lead":2,"minecraft:snow":1,"minecraft:oak_planks":1,"minecraft:anvil":1,"minecraft:structure_block":1}},"DataVersion":3120}