{
  "type": "minecraft:jigsaw",
  "biomes": "#minecraft:has_structure/pillager_outpost",
  "step": "surface_structures",
  "spawn_overrides": {
    "monster": {
      "bounding_box": "full",
      "spawns": [
        {
          "type": "minecraft:pillager",
          "maxCount": 4,
          "minCount": 2,
          "weight": 1
        }
      ]
    }
  },
  "terrain_adaptation": "beard_thin",
  "start_pool": "skyblock:worldgen/pillager_outpost",
  "size": 1,
  "start_height": {
    "absolute": 0
  },
  "project_start_to_heightmap": "WORLD_SURFACE_WG",
  "max_distance_from_center": 80,
  "use_expansion_hack": false
}