{
"Name": "Skyblock Classic Edition",

"Edition": "JAVA EDITION",

"Release Versions": "6.0.0 - Portable Version - [The Removal Update]",

"Release Building": "JE-1.21/1.21.1-6.0.0-Skyblock_Classic_Edition:BUILDING:08.12.2024a_portable",

"Data_pack": "TRUE",

"Resource_pack": "TRUE",

"Custom Structures World": "4.0.0",

"Protocol Version": "1.21_PVN_0a",

"Protocol Identifier Data": "\\1.21_PID_0",

"Sub Protocol Identifier Data": "DA-FARE1.21_SUBPID_0_1",

"Github_Tag": "1.21_JE-0a",

"Github":"https://github.com/Loweredgames/Skyblock-Classic-Edition",

"Website":"https://minecraft-map-building-versions.blogspot.com/"
}